[{"id":0,"mendia":"Aketegi","altuera":1548,"probintzia":"Gipuzkoa"},{"id":1,"mendia":"Albertia","altuera":868,"probintzia":"Araba"},{"id":2,"mendia":"Alluitz","altuera":1034,"probintzia":"Bizkaia"},{"id":3,"mendia":"Anboto","altuera":1331,"probintzia":"Bizkaia"},{"id":4,"mendia":"Aratz","altuera":1443,"probintzia":"Araba"},{"id":5,"mendia":"Arrate","altuera":556,"probintzia":"Gipuzkoa"},{"id":6,"mendia":"Hernio","altuera":1075,"probintzia":"Gipuzkoa"},{"id":7,"mendia":"Ipizte","altuera":1062,"probintzia":"Araba"},{"id":8,"mendia":"Jarindo","altuera":896,"probintzia":"Araba"},{"id":9,"mendia":"Kapildui","altuera":1177,"probintzia":"Araba"},{"id":10,"mendia":"Karakate","altuera":749,"probintzia":"Gipuzkoa"},{"id":11,"mendia":"Kurtzebarri","altuera":1133,"probintzia":"Gipuzkoa"},{"id":12,"mendia":"Lapazarra","altuera":1785,"probintzia":"Nafarroa"},{"id":13,"mendia":"Mirutegi","altuera":1166,"probintzia":"Araba"},{"id":14,"mendia":"Mugarra","altuera":964,"probintzia":"Bizkaia"},{"id":15,"mendia":"Oiz","altuera":1029,"probintzia":"Bizkaia"},{"id":16,"mendia":"Soila","altuera":993,"probintzia":"Araba"},{"id":17,"mendia":"ToloÃ±o","altuera":1263,"probintzia":"Araba"},{"id":18,"mendia":"Txamantxoia","altuera":1945,"probintzia":"Nafarroa"}]